<?xml version="1.0" encoding="UTF-8" standalone="no"?>
<txbean class="com.cathay.xx.zx.trx.XXZX_0200" name="XXZX_0200">
	<action-list>
		<action call-method="doPrompt" name="prompt">
			<response-list>
				<response name="success" type="standard">
					<property name="url">/XX/ZX/XXZX_0200/XXZX0200.jsp
					</property>
				</response>
			</response-list>
		</action>
		<action call-method="doIndex" name="indx">
			<response-list>
				<response name="success" type="ajax"/>
			</response-list>
		</action>
	</action-list>
</txbean>
