<?xml version="1.0" encoding="UTF-8" standalone="no"?>
<txbean class="com.cathay.xx.zx.trx.XXZX_0101" name="XXZX_0101">
	<action-list>
		<action call-method="doPrompt" name="prompt">
			<response-list>
				<response name="success" type="standard">
					<property name="url">/XX/ZX/XXZX_0100/XXZX0101.jsp
					</property>
				</response>
			</response-list>
		</action>
		<action call-method="doInsert" name="insert">
			<response-list>
				<response name="success" type="ajax">
				</response>
			</response-list>
		</action>
		<action call-method="doRevise" name="revise">
			<response-list>
				<response name="success" type="ajax">
				</response>
			</response-list>
		</action>
		<action call-method="doSubmit" name="submit">
			<response-list>
				<response name="success" type="ajax">
				</response>
			</response-list>
		</action>
		<action call-method="doAudit" name="audit">
			<response-list>
				<response name="success" type="ajax">
				</response>
			</response-list>
		</action>
		<action call-method="doBack" name="back">
			<response-list>
				<response name="success" type="ajax">
				</response>
			</response-list>
		</action>
		<action call-method="doDelete" name="delete">
			<response-list>
				<response name="success" type="ajax">
				</response>
			</response-list>
		</action>
	</action-list>
</txbean>
