<?xml version="1.0" encoding="UTF-8" standalone="no"?>
<txbean class="com.cathay.xx.zx.trx.XXZX_0100" name="XXZX_0100">
	<action-list>
		<action call-method="doPrompt" name="prompt">
			<response-list>
				<response name="success" type="standard">
					<property name="url">/XX/ZX/XXZX_0100/XXZX0100.jsp</property>
				</response>
			</response-list>
		</action>
		<action call-method="doQuery" name="query">
			<response-list>
				<response name="success" type="ajax"/>
			</response-list>
		</action>
		<action call-method="doAdd" name="add">
			<response-list>
				<response name="success" type="standard">
					<property name="url">/XX/ZX/XXZX_0100/XXZX0100.jsp</property>
				</response>
			</response-list>
		</action>
	</action-list>
</txbean>
